team__displayName,team__abbrName,team__logoId,player__position,player__rosterId,player__fullName,player__yearsPro,player__injuryLength,player__portraitId,player__jerseyNum,gamesPlayed,fantasy_points,defTotalCatchAllowed,defTotalDeflections,defTotalForcedFum,defTotalFumRec,defTotalInts,defTotalIntReturnYds,defTotalSacks,defTotalSafeties,defTotalTDs,defTotalTackles
49ers,SF,14,LOLB,551030111,Danny Stutsman,0,0,3811,28,3,13.00,5,0,0,0,1,10,0.00,0,0,10.00
49ers,SF,14,LOLB,551029901,Bo Richter,1,0,0,41,1,1.00,0,0,0,0,0,0,0.00,0,0,1.00
49ers,SF,14,FS,551027023,Ji'Ayir Brown,2,0,1874,24,4,4.00,2,0,0,0,0,0,0.00,0,0,4.00
49ers,SF,14,CB,551028306,Deommodore Lenoir,4,0,1205,2,4,16.00,9,1,1,2,0,0,0.00,0,0,13.00
49ers,SF,14,MLB,551027330,Divine Deablo,4,0,1329,5,6,18.00,6,3,0,0,1,20,0.50,0,0,14.00
49ers,SF,14,ROLB,551027308,Jamin Davis,4,0,1589,45,1,1.00,1,0,0,0,0,0,0.00,0,0,1.00
49ers,SF,14,SS,551027948,Talanoa Hufanga,4,0,1164,29,5,21.00,9,2,0,0,1,14,0.00,0,0,18.00
49ers,SF,14,CB,551029009,Isaiah Rodgers Sr,5,0,1513,21,5,19.00,8,3,0,0,1,20,0.00,0,0,16.00
49ers,SF,14,SS,551029135,Isaiah Simmons,5,0,569,6,4,13.00,7,0,0,0,1,12,0.00,0,0,10.00
49ers,SF,14,ROLB,551027713,Dre Greenlaw,6,0,9480,57,6,6.00,4,0,0,0,0,0,0.00,0,0,6.00
49ers,SF,14,LE,551027207,John Cominsky,6,0,9419,79,1,1.00,0,0,0,0,0,0,0.00,0,0,1.00
49ers,SF,14,LE,551026950,Nick Bosa,6,0,9390,97,4,28.00,0,0,0,0,0,0,6.50,0,0,15.00
49ers,SF,14,CB,551029529,Charvarius Ward,7,0,9951,7,5,22.00,12,2,0,0,0,0,0.00,0,0,22.00
49ers,SF,14,MLB,551029535,Fred Warner,7,0,9101,54,3,12.00,6,0,0,0,0,0,1.00,0,0,10.00
49ers,SF,14,CB,551027716,Shaquill Griffin,8,0,8570,10,1,1.00,0,0,0,0,0,0,0.00,0,0,1.00
49ers,SF,14,RE,551029558,T.J. Watt,8,0,8770,90,5,14.00,0,1,0,0,0,0,0.00,0,0,14.00
49ers,SF,14,DT,551027771,Javon Hargrave,9,0,8035,98,5,8.00,0,0,0,0,0,0,0.00,0,0,8.00
49ers,SF,14,RE,551027544,Leonard Floyd,9,0,8005,56,1,1.00,0,0,0,0,0,0,0.00,0,0,1.00
49ers,SF,14,DT,551027202,Maliek Collins,9,0,7953,99,2,6.00,0,0,0,0,0,0,1.00,0,0,4.00
Bears,CHI,0,DT,551030100,Junior Tafuna,0,0,10322,95,1,1.00,0,0,0,0,0,0,0.00,0,0,1.00
Bears,CHI,0,CB,551030062,Maxwell Hairston,0,0,3870,30,3,10.00,0,1,2,0,0,0,0.00,0,0,4.00
Bears,CHI,0,RE,551026940,Austin Booker,1,0,10016,94,2,3.00,0,0,0,0,0,0,0.00,0,0,3.00
Bears,CHI,0,DT,551027351,Gervon Dexter Sr,2,0,2108,99,4,7.00,0,1,0,0,0,0,0.00,0,0,7.00
Bears,CHI,0,CB,551029250,Tyrique Stevenson,2,0,2411,29,5,28.00,3,1,1,1,4,36,0.00,0,0,13.00
Bears,CHI,0,LE,551028996,Dominique Robinson,3,0,1921,90,1,1.00,0,0,0,0,0,0,0.00,0,0,1.00
Bears,CHI,0,SS,551026991,Jaquan Brisker,3,0,1194,9,6,39.00,4,2,0,0,3,73,1.00,0,1,22.00
Bears,CHI,0,CB,551027679,Kyler Gordon,3,0,1738,6,6,27.00,8,1,0,0,3,46,0.00,0,0,18.00
Bears,CHI,0,CB,551028087,Jaylon Johnson,5,0,398,1,5,15.00,6,0,0,0,1,20,0.00,0,0,12.00
Bears,CHI,0,SS,551028760,Jonathan Owens,6,0,1497,36,2,1.00,1,1,0,0,0,0,0.00,0,0,1.00
Bears,CHI,0,RE,551026738,Josh Hines-Allen,6,0,9365,41,6,38.00,0,0,1,2,1,30,5.00,0,2,10.00
Bears,CHI,0,LE,551029296,Montez Sweat,6,0,9643,98,5,15.00,0,1,0,0,1,22,3.50,0,0,5.00
Bears,CHI,0,ROLB,551027438,T.J. Edwards,6,0,9449,53,6,33.00,6,1,0,1,4,46,1.00,0,1,13.00
Bears,CHI,0,MLB,551027431,Tremaine Edmunds,7,0,8875,49,6,35.00,8,0,1,0,0,0,2.00,0,0,28.00
Bears,CHI,0,DT,551026904,Andrew Billings,9,0,7895,97,4,5.00,0,0,0,1,0,0,0.50,0,0,4.00
Bears,CHI,0,RE,551028935,Jarran Reed,9,0,8191,92,4,4.00,0,1,0,0,0,0,0.00,0,0,4.00
Bears,CHI,0,FS,551027080,Kevin Byard III,9,0,7928,31,5,16.00,3,0,0,0,2,47,0.00,0,0,10.00
Bears,CHI,0,LOLB,551029193,Preston Smith,10,0,7332,91,1,1.00,0,0,0,0,0,0,0.00,0,0,1.00
Bengals,CIN,1,CB,551030157,Cobee Bryant,0,0,4202,6,5,17.00,0,2,0,0,2,35,1.00,0,0,9.00
Bengals,CIN,1,RE,551030083,Jack Sawyer,0,0,3824,97,3,9.00,0,0,0,0,0,0,2.50,0,0,4.00
Bengals,CIN,1,ROLB,551030205,Josaiah Stewart,0,0,3809,0,2,2.00,0,0,0,0,0,0,0.00,0,0,2.00
Bengals,CIN,1,MLB,551030105,Power Echols,0,0,4202,23,3,3.00,0,0,0,0,0,0,0.00,0,0,3.00
Bengals,CIN,1,LE,551028074,Cedric Johnson,1,0,10126,52,1,1.00,0,0,0,0,0,0,0.00,0,0,1.00
Bengals,CIN,1,FS,551026771,Daijahn Anthony,1,0,10000,33,2,2.00,0,1,0,0,0,0,0.00,0,0,2.00
Bengals,CIN,1,SS,551028210,Jaylen Key,1,0,10140,32,3,3.00,0,0,0,0,0,0,0.00,0,0,3.00
Bengals,CIN,1,CB,551028667,Josh Newton,1,0,10194,28,2,1.00,0,1,0,0,0,0,0.00,0,0,1.00
Bengals,CIN,1,DT,551028048,Kris Jenkins Jr,1,0,10124,90,6,8.00,0,1,0,1,0,0,1.50,0,0,5.00
Bengals,CIN,1,CB,551029226,Ameer Speed,2,0,4991,37,1,9.00,0,0,0,0,1,49,0.00,0,1,0.00
Bengals,CIN,1,CB,551029446,DJ Turner II,2,0,2438,20,5,18.00,0,1,0,0,3,68,0.00,0,0,9.00
Bengals,CIN,1,SS,551026861,Jordan Battle,2,0,1298,27,6,13.00,0,5,0,1,0,0,0.00,0,0,13.00
Bengals,CIN,1,FS,551029265,Geno Stone,5,0,590,22,6,41.00,0,4,1,0,6,95,0.00,0,1,14.00
Bengals,CIN,1,ROLB,551029668,Logan Wilson,5,0,675,55,6,33.00,0,1,0,1,1,34,0.00,0,1,24.00
Bengals,CIN,1,MLB,551028873,Germaine Pratt,6,0,9603,57,6,17.00,0,0,1,0,0,0,0.00,0,0,14.00
Bengals,CIN,1,LOLB,551027258,Maxx Crosby,6,0,9426,54,5,20.00,0,1,2,0,0,0,3.00,0,0,8.00
Bengals,CIN,1,DT,551028129,D.J. Jones,8,0,8610,95,4,9.00,0,0,0,0,0,0,1.00,0,0,7.00
Bengals,CIN,1,CB,551027885,Mike Hilton,9,0,9203,21,4,24.00,0,0,1,0,1,0,0.00,0,0,18.00
Bills,BUF,2,LOLB,551030030,#### Chambliss,0,0,3756,32,2,2.00,1,0,0,0,0,0,0.00,0,0,2.00
Bills,BUF,2,CB,551030051,Daylen Everette,0,0,3937,6,2,2.00,1,1,0,0,0,0,0.00,0,0,2.00
Bills,BUF,2,DT,551030043,Deone Walker,0,0,3768,93,3,16.00,0,0,0,0,0,0,4.50,0,0,7.00
Bills,BUF,2,SS,551030429,Wyett Ekeler,0,0,4071,31,2,3.00,0,0,0,0,0,0,0.00,0,0,3.00
Bills,BUF,2,FS,551026905,Cole Bishop,1,0,10015,24,2,2.00,0,0,0,0,0,0,0.00,0,0,2.00
Bills,BUF,2,ROLB,551029462,Edefuan Ulofoshio,1,0,10276,48,1,2.00,0,0,0,0,0,0,0.00,0,0,2.00
Bills,BUF,2,LE,551029220,Javon Solomon,1,0,10253,56,1,3.00,0,0,0,0,0,0,0.00,0,0,3.00
Bills,BUF,2,CB,551026885,Christian Benford,3,0,2684,47,4,12.00,7,1,0,0,1,255,0.00,0,0,9.00
Bills,BUF,2,CB,551027452,Kaiir Elam,3,0,1561,5,4,17.00,3,1,0,0,2,103,0.00,0,0,11.00
Bills,BUF,2,MLB,551026895,Terrel Bernard,3,0,1173,43,5,24.00,10,0,0,1,1,11,0.00,0,0,21.00
Bills,BUF,2,LE,551029030,Greg Rousseau,4,0,928,50,4,13.00,0,0,0,0,0,0,4.00,0,0,5.00
Bills,BUF,2,MLB,551028466,Isaiah McDuffie,4,0,1046,45,1,1.00,0,0,0,0,0,0,0.00,0,0,1.00
Bills,BUF,2,RE,551027469,A.J. Epenesa,5,0,275,57,1,1.00,0,0,0,0,0,0,0.00,0,0,1.00
Bills,BUF,2,LOLB,551027653,Trevis Gipson,5,0,299,46,4,16.00,3,0,1,0,0,0,2.50,0,0,8.00
Bills,BUF,2,DT,551028730,Ed Oliver,6,0,9589,91,5,15.00,1,0,0,0,0,0,3.50,0,0,8.00
Bills,BUF,2,SS,551028917,Taylor Rapp,6,0,9606,9,3,14.00,4,1,0,0,2,22,0.00,0,0,8.00
Bills,BUF,2,CB,551028099,Taron Johnson,7,0,8949,7,5,19.00,8,4,1,0,2,18,0.00,0,0,10.00
Bills,BUF,2,ROLB,551028532,Matt Milano,8,0,8664,58,5,32.00,12,1,0,0,2,29,0.50,0,0,25.00
Bills,BUF,2,FS,551027974,Micah Hyde,12,0,6261,23,4,11.00,3,0,0,0,0,0,0.00,0,0,11.00
Broncos,DEN,3,CB,551026694,Kris Abrams-Draine,1,0,9993,31,5,12.00,4,0,0,0,0,0,0.50,0,0,11.00
Broncos,DEN,3,MLB,551029062,Drew Sanders,2,0,2382,41,4,7.00,2,0,0,0,1,19,0.00,0,0,4.00
Broncos,DEN,3,CB,551026933,Isaiah Bolden,2,0,2861,35,3,6.00,2,1,0,0,1,6,0.00,0,0,3.00
Broncos,DEN,3,CB,551026889,Jakorian Bennett,2,0,1421,24,5,22.00,10,1,0,0,3,43,0.00,0,0,13.00
Broncos,DEN,3,SS,551028611,Riley Moss,2,0,2330,21,5,14.00,9,4,0,0,0,0,0.00,0,0,14.00
Broncos,DEN,3,LE,551028005,Drake Jackson,3,0,1776,7,3,6.00,0,0,0,0,0,0,1.00,0,0,4.00
Broncos,DEN,3,SS,551026877,Markquese Bell,3,0,1170,14,5,14.00,10,3,0,0,0,0,0.00,0,0,14.00
Broncos,DEN,3,ROLB,551026938,Nik Bonitto,3,0,1181,15,5,17.00,2,0,0,0,0,0,1.50,0,0,14.00
Broncos,DEN,3,CB,551029288,Patrick Surtain II,4,0,1301,2,5,27.00,18,0,0,0,2,45,0.00,0,0,21.00
Broncos,DEN,3,FS,551028119,Brandon Jones,5,0,404,22,5,11.00,3,1,0,0,0,0,0.00,0,0,11.00
Broncos,DEN,3,FS,551027722,Javelin Guidry,5,0,308,36,5,9.00,6,0,0,0,0,0,0.00,0,0,9.00
Broncos,DEN,3,RE,551029460,Joshua Uche,5,0,634,55,4,15.00,0,0,0,0,0,0,3.00,0,0,9.00
Broncos,DEN,3,DT,551028978,Malcolm Roach,5,0,549,97,3,3.00,0,0,0,0,0,0,0.50,0,0,2.00
Broncos,DEN,3,DT,551026741,Zach Allen,6,0,9366,99,4,16.00,0,0,0,0,0,0,3.50,0,0,9.00
Broncos,DEN,3,MLB,551029146,Alex Singleton,7,0,573,49,4,5.00,0,1,0,0,0,0,0.00,0,0,5.00
Broncos,DEN,3,LOLB,551028736,Foyesade Oluokun,7,0,9347,51,4,10.00,2,0,0,0,0,0,1.00,0,0,8.00
Broncos,DEN,3,DT,551027579,John Franklin-Myers,7,0,8892,98,1,1.00,0,0,0,0,0,0,0.00,0,0,1.00
Browns,CLE,4,MLB,551030184,Jason Henderson,0,0,3360,42,5,13.00,4,1,0,0,0,0,0.00,0,0,13.00
Browns,CLE,4,ROLB,551030376,Kaimon Rucker,0,0,3657,44,4,9.00,3,0,0,0,0,0,1.00,0,0,7.00
Browns,CLE,4,DT,551027736,Mike Hall Jr,1,0,10095,51,5,11.00,0,0,0,0,0,0,2.00,0,0,7.00
Browns,CLE,4,RE,551028480,Isaiah McGuire,2,0,2305,57,1,2.00,0,0,0,0,0,0,0.00,0,0,2.00
Browns,CLE,4,FS,551027864,Ronnie Hickman,2,0,2208,33,1,0.00,0,1,0,0,0,0,0.00,0,0,0.00
Browns,CLE,4,CB,551027465,Martin Emerson Jr,3,0,1565,23,3,6.00,0,2,0,0,1,14,0.00,0,0,3.00
Browns,CLE,4,CB,551028664,Greg Newsome II,4,0,1273,0,6,35.00,4,0,0,0,2,24,0.00,0,1,23.00
Browns,CLE,4,ROLB,551028761,Jeremiah Owusu-Koramoah,4,0,1060,6,5,25.00,2,2,0,0,0,0,0.00,0,0,25.00
Browns,CLE,4,LE,551029454,Payton Turner,4,0,1631,98,3,9.00,0,0,1,2,0,0,1.00,0,0,4.00
Browns,CLE,4,SS,551027342,Grant Delpit,5,0,249,9,6,14.00,1,0,0,0,0,0,0.00,0,0,14.00
Browns,CLE,4,LOLB,551027141,K'Lavon Chaisson,5,0,208,59,1,3.00,0,0,0,0,0,0,1.00,0,0,1.00
Browns,CLE,4,FS,551029385,Juan Thornhill,6,0,9655,1,3,8.00,3,0,0,0,1,14,0.00,0,0,5.00
Browns,CLE,4,CB,551029530,Denzel Ward,7,0,9100,21,6,17.00,6,1,0,0,0,0,0.00,0,0,17.00
Browns,CLE,4,SS,551028944,Justin Reid,7,0,9035,20,6,18.00,7,2,0,0,0,0,0.00,0,0,18.00
Browns,CLE,4,LE,551028722,Ogbo Okoronkwo,7,0,9012,54,3,6.00,0,0,0,0,0,0,1.00,0,0,4.00
Browns,CLE,4,CB,551027997,Adoree' Jackson,8,0,8599,30,4,11.00,5,3,0,0,0,0,0.00,0,0,11.00
Browns,CLE,4,DT,551029403,Dalvin Tomlinson,8,0,8753,94,4,8.00,0,1,0,0,0,0,0.50,0,0,7.00
Browns,CLE,4,RE,551027619,Myles Garrett,8,0,8560,95,6,25.00,0,1,0,0,0,0,4.50,0,0,16.00
Browns,CLE,4,MLB,551027868,Jordan Hicks,10,0,7172,58,4,9.00,1,2,0,0,0,0,0.00,0,0,9.00
Buccaneers,TB,5,MLB,551030365,Sonny Styles,0,0,3711,54,5,33.00,0,2,1,0,1,36,3.00,0,1,15.00
Buccaneers,TB,5,ROLB,551026976,Chris Braswell,1,0,10021,43,3,3.00,0,0,0,0,0,0,0.00,0,0,3.00
Buccaneers,TB,5,SS,551029201,Tykee Smith,1,0,10251,23,5,14.00,0,2,0,1,0,0,0.00,0,0,14.00
Buccaneers,TB,5,ROLB,551028185,Calijah Kancey,2,0,2275,94,4,14.00,0,1,0,0,0,0,4.50,0,0,5.00
Buccaneers,TB,5,CB,551028553,Cameron Mitchell,2,0,2315,30,1,1.00,0,0,0,0,0,0,0.00,0,0,1.00
Buccaneers,TB,5,FS,551027994,Christian Izien,2,0,0,29,2,2.00,0,0,0,0,0,0,0.00,0,0,2.00
Buccaneers,TB,5,LOLB,551027353,YaYa Diaby,2,0,2114,0,5,9.00,0,1,0,0,0,0,1.50,0,0,6.00
Buccaneers,TB,5,LE,551027743,Logan Hall,3,0,1750,90,2,5.00,0,0,0,0,0,0,1.50,0,0,2.00
Buccaneers,TB,5,CB,551028454,Zyon McCollum,3,0,1840,27,5,15.00,0,0,1,0,0,0,0.00,0,0,12.00
Buccaneers,TB,5,ROLB,551029433,Joe Tryon-Shoyinka,4,0,1020,9,1,4.00,0,0,1,0,0,0,0.00,0,0,1.00
Buccaneers,TB,5,MLB,551026936,Nick Bolton,4,0,977,51,4,9.00,0,0,0,0,0,0,0.00,0,0,9.00
Buccaneers,TB,5,FS,551029680,Antoine Winfield Jr,5,0,680,31,5,27.00,0,0,1,1,1,10,0.00,0,0,21.00
Buccaneers,TB,5,CB,551027738,Bryce Hall,5,0,315,34,5,17.00,0,0,0,1,0,0,3.00,0,0,11.00
Buccaneers,TB,5,CB,551027597,Kristian Fulton,5,0,286,26,1,2.00,0,0,0,0,0,0,0.00,0,0,2.00
Buccaneers,TB,5,RE,551028658,Anthony Nelson,6,0,9586,98,2,9.00,0,1,0,1,0,0,2.00,0,0,5.00
Buccaneers,TB,5,CB,551027332,Jamel Dean,6,0,9435,35,4,16.00,0,1,0,0,1,15,0.00,0,0,13.00
Buccaneers,TB,5,SS,551029597,Jordan Whitehead,7,0,9110,3,4,8.00,0,0,0,0,0,0,0.00,0,0,8.00
Buccaneers,TB,5,DT,551029484,Vita Vea,7,0,9093,50,3,6.00,0,1,0,0,0,0,1.00,0,0,4.00
Cardinals,ARI,6,CB,551030050,Benjamin Morrison,0,0,10356,20,5,16.00,9,0,0,0,0,0,0.00,0,0,16.00
Cardinals,ARI,6,MLB,551030093,Jay Higgins,0,0,3657,46,2,3.00,0,0,0,0,0,0,0.00,0,0,3.00
Cardinals,ARI,6,FS,551029329,Dadrion Taylor-Demerson,1,0,10260,42,2,2.00,0,0,0,0,0,0,0.00,0,0,2.00
Cardinals,ARI,6,RE,551028994,Darius Robinson,1,0,10230,56,2,3.00,0,0,0,0,0,0,0.50,0,0,2.00
Cardinals,ARI,6,CB,551028135,Elijah Jones,1,0,10132,28,1,3.00,0,0,1,2,0,0,0.00,0,0,0.00
Cardinals,ARI,6,LOLB,551028717,BJ Ojulari,2,0,2341,9,3,6.00,1,0,0,0,0,0,1.00,0,0,4.00
Cardinals,ARI,6,CB,551029626,Garrett Williams,2,0,2478,21,4,10.00,6,1,0,0,0,0,0.00,0,0,10.00
Cardinals,ARI,6,SS,551028998,Jammie Robinson,2,0,2372,27,3,7.00,3,1,0,0,0,0,0.00,0,0,7.00
Cardinals,ARI,6,DT,551027006,Bobby Brown III,4,0,1592,92,2,4.00,0,0,0,0,0,0,0.00,0,0,4.00
Cardinals,ARI,6,RE,551028752,Joseph Ossai,4,0,1190,58,1,1.00,0,0,0,0,0,0,0.00,0,0,1.00
Cardinals,ARI,6,DT,551028743,Levi Onwuzurike,4,0,850,95,6,14.00,0,1,0,0,0,0,2.50,0,0,9.00
Cardinals,ARI,6,LOLB,551027204,Zaven Collins,4,0,1012,25,6,29.00,5,1,0,0,0,0,6.00,0,0,17.00
Cardinals,ARI,6,ROLB,551027325,Akeem Davis-Gaither,5,0,245,57,6,13.00,3,0,0,0,0,0,0.00,0,0,13.00
Cardinals,ARI,6,MLB,551027799,Malik Harrison,5,0,332,51,4,8.00,3,1,0,0,0,0,0.00,0,0,8.00
Cardinals,ARI,6,ROLB,551028346,David Long Jr,6,0,9556,43,4,8.00,1,1,0,0,0,0,1.00,0,0,6.00
Cardinals,ARI,6,FS,551029378,Jalen Thompson,6,0,1532,34,6,18.00,4,0,0,0,1,19,0.00,0,0,15.00
Cardinals,ARI,6,MLB,551029660,Mack Wilson Sr,6,0,9685,2,6,34.00,21,2,0,0,0,0,0.00,0,0,34.00
Cardinals,ARI,6,CB,551028631,Sean Murphy-Bunting,6,0,9405,23,6,14.00,6,0,0,0,0,0,0.00,0,0,14.00
Cardinals,ARI,6,CB,551028008,JC Jackson,7,0,8937,31,3,4.00,0,0,0,0,0,0,0.00,0,0,4.00
Cardinals,ARI,6,LE,551027943,Sam Hubbard,7,0,8928,94,6,14.00,0,0,0,0,0,0,2.00,0,0,10.00
Cardinals,ARI,6,SS,551026818,Budda Baker,8,0,8472,3,6,24.00,8,3,0,0,1,26,0.00,0,0,21.00
Cardinals,ARI,6,RE,551027570,Dante Fowler Jr,10,0,7120,90,3,10.00,0,0,0,0,0,0,2.00,0,0,6.00
Chargers,LAC,7,SS,551030198,Beau Freyler,0,0,4193,17,1,1.00,0,0,0,0,0,0,0.00,0,0,1.00
Chargers,LAC,7,LE,551030092,R Mason Thomas,0,0,3870,49,1,1.00,0,0,0,0,0,0,0.00,0,0,1.00
Chargers,LAC,7,DT,551030039,Walter Nolen,0,0,3975,96,2,8.00,0,0,0,0,0,0,1.00,0,0,6.00
Chargers,LAC,7,CB,551030182,Xavier Scott,0,0,3870,18,5,21.00,9,2,0,0,1,21,0.00,0,0,18.00
Chargers,LAC,7,RE,551027206,Junior Colson,1,0,10040,25,3,4.00,0,0,0,0,0,0,0.00,0,0,4.00
Chargers,LAC,7,CB,551029256,Tarheeb Still,1,0,10255,22,4,6.00,3,3,0,0,0,0,0.00,0,0,6.00
Chargers,LAC,7,ROLB,551029480,Ben VanSumeren,2,0,0,6,3,11.00,6,1,0,0,0,0,0.00,0,0,11.00
Chargers,LAC,7,MLB,551027842,Daiyan Henley,2,0,2186,0,3,17.00,6,3,0,0,1,21,0.00,0,0,14.00
Chargers,LAC,7,RE,551029439,Tuli Tuipulotu,2,0,2634,45,2,3.00,0,0,0,0,0,0,0.00,0,0,3.00
Chargers,LAC,7,ROLB,551026842,Amare Barno,3,0,1154,11,2,6.00,6,0,0,0,0,0,0.00,0,0,6.00
Chargers,LAC,7,LOLB,551028091,Kyron Johnson,3,0,2540,57,3,6.00,4,0,0,0,0,0,0.00,0,0,6.00
Chargers,LAC,7,FS,551027163,Lewis Cine,3,0,1270,16,3,8.00,2,0,0,0,0,0,0.00,0,0,8.00
Chargers,LAC,7,CB,551029057,Asante Samuel Jr,4,0,1289,26,4,22.00,10,3,0,0,1,0,0.00,0,0,19.00
Chargers,LAC,7,MLB,551029125,Jamien Sherwood,4,0,1587,40,3,13.00,3,0,0,0,1,38,0.00,0,0,10.00
Chargers,LAC,7,FS,551027648,Alohi Gilman,5,0,703,32,5,17.00,4,3,0,0,2,19,0.00,0,0,11.00
Chargers,LAC,7,SS,551028027,Derwin James Jr,7,0,8943,3,6,23.00,1,1,0,0,1,15,0.00,0,0,20.00
Chargers,LAC,7,CB,551027953,Mike Hughes,7,0,8929,21,3,12.00,1,1,0,0,1,25,1.00,0,0,7.00
Chargers,LAC,7,DT,551027555,Poona Ford,7,0,9333,95,3,2.00,0,1,0,0,0,0,0.00,0,0,2.00
Chargers,LAC,7,RE,551029690,Deatrich Wise Jr,8,0,8787,98,2,7.00,0,0,0,0,0,0,0.00,0,0,7.00
Chargers,LAC,7,LOLB,551026949,Joey Bosa,9,0,7902,97,6,19.00,0,0,1,0,0,0,3.50,0,0,9.00
Chargers,LAC,7,ROLB,551028379,Khalil Mack,11,0,6504,52,6,23.00,2,1,0,0,0,0,3.50,0,0,16.00
Chiefs,KC,8,SS,551027867,Jaden Hicks,1,0,10107,21,6,39.00,7,1,1,0,2,3,1.00,0,0,28.00
Chiefs,KC,8,ROLB,551028124,Cam Jones,2,0,2244,44,5,19.00,1,0,1,0,0,0,0.00,0,0,16.00
Chiefs,KC,8,CB,551027213,Chamarri Conner,2,0,2062,27,5,14.00,5,2,0,0,0,0,0.00,0,0,14.00
Chiefs,KC,8,FS,551027218,Bryan Cook,3,0,1303,6,5,22.00,2,1,0,1,2,42,0.00,0,0,16.00
Chiefs,KC,8,LE,551028188,George Karlaftis,3,0,1795,56,3,4.00,0,0,0,1,0,0,0.50,0,0,3.00
Chiefs,KC,8,CB,551029554,Jaylen Watson,3,0,2014,35,6,25.00,5,2,0,0,4,88,0.00,0,0,13.00
Chiefs,KC,8,CB,551029637,Joshua Williams,3,0,2034,2,6,19.00,5,1,0,0,2,14,0.00,0,0,13.00
Chiefs,KC,8,LOLB,551027151,Leo Chenal,3,0,1269,54,4,9.00,0,0,0,0,0,0,0.00,0,0,9.00
Chiefs,KC,8,CB,551028467,Trent McDuffie,3,0,1844,22,6,20.00,4,1,0,0,2,54,0.00,0,0,14.00
Chiefs,KC,8,MLB,551027160,Cole Christiansen,5,0,847,48,3,8.00,2,0,0,0,1,0,0.00,0,0,5.00
Chiefs,KC,8,ROLB,551029421,Drue Tranquill,6,0,9659,23,6,25.00,1,0,2,0,0,0,2.50,0,0,14.00
Chiefs,KC,8,DT,551028127,Chris Jones,9,0,8082,95,3,11.00,0,0,0,1,0,0,2.00,0,0,7.00
Chiefs,KC,8,CB,551029887,Steven Nelson,10,0,7255,31,2,2.00,1,0,0,0,0,0,0.00,0,0,2.00
Colts,IND,9,SS,551030133,Jack Howell,0,0,4144,17,3,3.00,1,0,0,0,0,0,0.00,0,0,3.00
Colts,IND,9,LOLB,551030086,James Pearce Jr,0,0,4198,41,5,26.00,2,1,1,0,0,0,2.00,1,0,17.00
Colts,IND,9,ROLB,551027110,Jaylon Carlies,1,0,10028,57,3,4.00,0,0,0,0,0,0,0.00,0,0,4.00
Colts,IND,9,RE,551028278,Laiatu Latu,1,0,10150,97,4,8.00,0,0,0,0,0,0,2.00,0,0,4.00
Colts,IND,9,SS,551029090,Daniel Scott,2,0,2385,36,2,6.00,1,0,0,0,0,0,0.00,0,0,6.00
Colts,IND,9,CB,551028142,Jaylon Jones,2,0,2249,40,5,14.00,8,0,0,0,0,0,0.00,0,0,14.00
Colts,IND,9,CB,551026982,JuJu Brents,2,0,1759,29,5,17.00,6,0,0,0,1,21,0.00,0,0,14.00
Colts,IND,9,MLB,551027635,Jack Gibbens,3,0,3232,50,3,14.00,2,0,0,0,1,19,1.00,0,0,9.00
Colts,IND,9,FS,551027261,Nick Cross,3,0,1319,20,5,17.00,3,2,0,0,1,13,0.00,0,0,14.00
Colts,IND,9,FS,551029344,Rodney Thomas II,3,0,2152,25,1,1.00,0,0,0,0,0,0,0.00,0,0,1.00
Colts,IND,9,CB,551029699,Samuel Womack III,3,0,0,33,4,11.00,4,2,0,0,0,0,0.00,0,0,11.00
Colts,IND,9,LOLB,551029481,Zach VanValkenburg,3,0,5205,59,3,3.00,0,0,0,0,0,0,0.00,0,0,3.00
Colts,IND,9,LE,551028793,Kwity Paye,4,0,1056,51,5,25.00,0,1,0,0,0,0,5.00,1,0,13.00
Colts,IND,9,LE,551029315,Darrell Taylor,5,0,607,52,1,1.00,0,0,0,0,0,0,0.00,0,0,1.00
Colts,IND,9,SS,551026909,Julian Blackmon,5,0,97,32,5,31.00,3,0,0,0,3,48,0.00,0,1,16.00
Colts,IND,9,ROLB,551029227,E.J. Speed,6,0,158,45,4,9.00,1,0,1,1,0,0,0.00,0,0,6.00
Colts,IND,9,MLB,551027578,Zaire Franklin,7,0,9777,44,5,21.00,8,1,0,0,0,0,0.00,0,0,21.00
Colts,IND,9,DT,551029252,Grover Stewart,8,0,9293,90,4,9.00,0,1,0,0,0,0,1.00,0,0,7.00
Colts,IND,9,CB,551028579,Kenny Moore II,8,0,9244,23,5,22.00,6,3,0,0,1,19,0.00,0,0,19.00
Colts,IND,9,DT,551027051,DeForest Buckner,9,0,7920,99,5,11.00,0,2,0,0,0,0,1.00,0,0,9.00
Commanders,WAS,25,ROLB,551027757,Dominique Hampton,1,0,10096,45,5,9.00,5,0,0,0,0,0,0.00,0,0,9.00
Commanders,WAS,25,RE,551028037,Javontae Jean-Baptiste,1,0,10121,90,5,13.00,0,0,0,0,0,0,2.00,0,0,9.00
Commanders,WAS,25,DT,551028666,Jer'Zhan Newton,1,0,10193,95,1,1.00,0,0,0,0,0,0,0.00,0,0,1.00
Commanders,WAS,25,MLB,551028385,Jordan Magee,1,0,10413,58,5,29.00,20,3,0,0,1,17,0.00,0,0,26.00
Commanders,WAS,25,CB,551029051,Mike Sainristil,1,0,10239,0,5,20.00,15,5,1,0,0,0,0.00,0,0,17.00
Commanders,WAS,25,SS,551029892,Tyler Owens,1,0,0,40,1,1.00,0,0,0,0,0,0,0.00,0,0,1.00
Commanders,WAS,25,FS,551028405,Quan Martin,2,0,2296,20,5,15.00,3,3,1,2,0,0,0.00,0,0,12.00
Commanders,WAS,25,LE,551027515,Viliami Fehoko,2,0,2137,72,1,2.00,0,0,0,0,0,0,0.00,0,0,2.00
Commanders,WAS,25,SS,551027079,Percy Butler,3,0,1239,35,5,14.00,7,4,0,0,0,0,0.00,0,0,14.00
Commanders,WAS,25,SS,551027154,Jeremy Chinn,5,0,211,11,5,18.00,7,1,0,0,1,17,0.00,0,0,15.00
Commanders,WAS,25,CB,551028878,Bobby Price,6,0,1645,37,3,5.00,0,0,0,0,0,0,0.00,0,0,5.00
Commanders,WAS,25,DT,551028794,Da'Ron Payne,7,0,9016,94,4,13.00,0,0,0,0,0,0,0.00,0,0,13.00
Commanders,WAS,25,LE,551026784,Dorance Armstrong,7,0,8804,92,5,11.00,0,0,0,0,0,0,0.00,0,0,11.00
Commanders,WAS,25,LE,551028693,Efe Obada,7,0,9878,97,4,9.00,4,0,0,0,0,0,0.00,0,0,9.00
Commanders,WAS,25,ROLB,551028370,Frankie Luvu,7,0,9340,4,5,21.00,5,0,0,0,0,0,4.00,0,0,13.00
Commanders,WAS,25,SS,551028927,Jeremy Reaves,7,0,9901,39,5,16.00,13,0,0,0,0,0,0.00,0,0,16.00
Commanders,WAS,25,DT,551026736,Jonathan Allen,8,0,8793,93,4,9.00,0,0,0,0,0,0,0.00,0,0,9.00
Commanders,WAS,25,CB,551028276,Marshon Lattimore,8,0,8632,23,5,20.00,10,1,0,0,0,0,0.00,0,0,20.00
Cowboys,DAL,10,MLB,551030122,Kobe King,0,0,3406,41,2,4.00,0,0,0,0,1,21,0.00,0,0,1.00
Cowboys,DAL,10,SS,551030165,Nick Emmanwori,0,0,3554,24,5,26.00,7,0,0,0,2,28,0.00,0,0,20.00
Cowboys,DAL,10,CB,551027117,Caelen Carson,1,0,10029,21,5,11.00,4,1,0,0,0,0,0.00,0,0,11.00
Cowboys,DAL,10,LOLB,551028334,Marist Liufau,1,0,10160,35,4,4.00,3,0,0,0,0,0,0.00,0,0,4.00
Cowboys,DAL,10,RE,551028233,Marshawn Kneeland,1,0,10144,94,1,1.00,0,0,0,0,0,0,0.50,0,0,0.00
Cowboys,DAL,10,ROLB,551028756,DeMarvion Overshown,2,0,2344,13,5,43.00,11,1,0,0,3,47,1.00,0,1,26.00
Cowboys,DAL,10,DT,551029192,Mazi Smith,2,0,2399,58,5,10.00,0,1,0,0,0,0,0.00,0,0,10.00
Cowboys,DAL,10,MLB,551027168,Damone Clark,3,0,1272,18,5,24.00,6,3,0,0,2,80,0.00,0,0,18.00
Cowboys,DAL,10,CB,551026915,DaRon Bland,3,0,2689,26,5,25.00,7,0,0,0,3,83,0.00,0,0,16.00
Cowboys,DAL,10,RE,551029649,Sam Williams,3,0,2037,54,3,5.00,0,0,0,0,0,0,0.00,0,0,5.00
Cowboys,DAL,10,LOLB,551028779,Micah Parsons,4,0,1058,11,5,34.00,7,3,0,0,0,0,7.50,0,0,19.00
Cowboys,DAL,10,DT,551028699,Osa Odighizuwa,4,0,894,97,5,14.00,0,0,0,0,0,0,0.00,0,0,14.00
Cowboys,DAL,10,FS,551027298,Ashtyn Davis,5,0,235,22,5,17.00,2,2,0,0,1,19,0.00,0,0,14.00
Cowboys,DAL,10,CB,551027362,Trevon Diggs,5,0,250,7,4,18.00,7,1,0,0,1,16,0.00,0,0,15.00
Cowboys,DAL,10,CB,551028880,Troy Pride Jr,5,0,714,32,3,6.00,1,0,0,0,1,11,0.00,0,0,3.00
Cowboys,DAL,10,SS,551029663,Donovan Wilson,6,0,9684,6,2,9.00,1,0,0,0,1,62,0.00,0,1,0.00
Cowboys,DAL,10,FS,551027916,Malik Hooker,8,0,8592,28,1,1.00,0,0,0,0,0,0,0.00,0,0,1.00
Cowboys,DAL,10,LE,551028283,DeMarcus Lawrence,11,0,6487,90,4,11.00,0,0,0,0,0,0,2.00,0,0,7.00
Dolphins,MIA,11,CB,551030214,Keyon Martin,0,0,4080,21,4,8.00,4,0,0,0,1,11,0.00,0,0,5.00
Dolphins,MIA,11,DT,551030124,Shemar Turner,0,0,3787,95,3,7.00,0,0,0,0,0,0,0.50,0,0,6.00
Dolphins,MIA,11,ROLB,551028992,Chop Robinson,1,0,10229,44,4,17.00,0,0,0,0,0,0,4.00,0,0,9.00
Dolphins,MIA,11,ROLB,551028182,Mohamed Kamara,1,0,10137,50,2,3.00,0,0,0,0,0,0,0.00,0,0,3.00
Dolphins,MIA,11,CB,551029834,Storm Duck,1,0,0,36,2,2.00,1,0,0,0,0,0,0.00,0,0,2.00
Dolphins,MIA,11,CB,551029175,Cam Smith,2,0,2396,24,2,8.00,0,1,0,0,2,37,0.00,0,0,2.00
Dolphins,MIA,11,CB,551029811,Ethan Bonner,2,0,0,27,4,15.00,5,2,1,0,1,69,0.00,0,0,9.00
Dolphins,MIA,11,MLB,551029393,Channing Tindall,3,0,1986,41,4,8.00,4,1,0,0,0,0,0.00,0,0,8.00
Dolphins,MIA,11,CB,551028238,Kader Kohou,3,0,4611,1,5,15.00,8,1,0,0,1,10,0.00,0,0,12.00
Dolphins,MIA,11,LOLB,551028832,Jaelan Phillips,4,0,1028,15,5,21.00,1,2,1,0,0,0,4.50,0,0,9.00
Dolphins,MIA,11,FS,551027903,Jevon Holland,4,0,1161,8,5,19.00,2,0,1,0,0,0,2.50,0,0,11.00
Dolphins,MIA,11,MLB,551027000,Jordyn Brooks,5,0,180,20,5,43.00,11,5,0,0,3,67,2.00,0,1,24.00
Dolphins,MIA,11,ROLB,551027161,Bradley Chubb,7,0,8845,2,5,21.00,2,1,0,1,0,0,5.50,0,0,10.00
Dolphins,MIA,11,DT,551028682,Derrick Nnadi,7,0,9005,91,1,1.00,0,0,0,0,0,0,0.00,0,0,1.00
Dolphins,MIA,11,LE,551029130,Zach Sieler,7,0,9351,92,5,10.00,0,0,0,1,0,0,1.50,0,0,7.00
Dolphins,MIA,11,CB,551028914,Jalen Ramsey,9,0,8185,5,5,16.00,11,2,0,0,0,0,0.00,0,0,16.00
Dolphins,MIA,11,CB,551027595,Kendall Fuller,9,0,8013,29,5,15.00,6,0,0,0,0,0,0.50,0,0,14.00
Eagles,PHI,12,CB,551027339,Cooper DeJean,1,0,10053,33,3,10.00,9,0,0,0,0,0,0.00,0,0,10.00
Eagles,PHI,12,ROLB,551027961,Jalyx Hunt,1,0,10112,58,1,1.00,0,0,0,0,0,0,0.00,0,0,1.00
Eagles,PHI,12,CB,551028559,Quinyon Mitchell,1,0,10184,27,5,18.00,11,1,0,0,0,0,0.50,0,0,17.00
Eagles,PHI,12,LE,551027123,Jalen Carter,2,0,2563,98,6,23.00,0,1,0,0,0,0,4.50,0,0,14.00
Eagles,PHI,12,LOLB,551029169,Nolan Smith Jr,2,0,2402,3,5,19.00,4,1,0,0,0,0,1.50,0,0,16.00
Eagles,PHI,12,DT,551027311,Jordan Davis,3,0,1333,90,3,8.00,0,0,0,0,0,0,2.00,0,0,4.00
Eagles,PHI,12,MLB,551027333,Nakobe Dean,3,0,1347,17,5,20.00,5,2,1,2,0,0,0.00,0,1,11.00
Eagles,PHI,12,FS,551026916,Reed Blankenship,3,0,2850,32,6,16.00,8,0,0,0,0,0,0.00,0,0,16.00
Eagles,PHI,12,RE,551029643,Milton Williams,4,0,1588,93,4,12.00,0,1,0,0,0,0,1.00,0,0,10.00
Eagles,PHI,12,MLB,551026862,Zack Baun,5,0,87,53,6,26.00,13,0,0,0,0,0,0.00,0,0,26.00
Eagles,PHI,12,SS,551027615,C.J. Gardner-Johnson,6,0,9466,8,6,23.00,8,2,0,0,2,38,0.00,0,0,17.00
Eagles,PHI,12,ROLB,551029295,Josh Sweat,7,0,9073,19,5,23.00,2,0,1,0,0,0,2.50,0,0,15.00
Eagles,PHI,12,SS,551026967,James Bradberry IV,9,0,7905,24,4,11.00,6,0,0,0,1,16,0.00,0,0,8.00
Eagles,PHI,12,CB,551029159,Darius Slay Jr,12,0,6273,2,5,31.00,12,0,0,0,3,74,0.00,0,1,16.00
Falcons,ATL,13,DT,551030059,Jahvaree Ritzie,0,0,10354,92,4,8.00,0,0,0,0,0,0,1.50,0,0,5.00
Falcons,ATL,13,LE,551030023,Mykel Williams,0,0,3842,99,4,25.00,1,0,0,0,0,0,5.50,0,0,14.00
Falcons,ATL,13,CB,551030078,Tacario Davis,0,0,3350,21,5,17.00,2,3,0,0,1,96,0.00,0,1,8.00
Falcons,ATL,13,ROLB,551029429,Bralen Trice,1,0,10270,48,4,12.00,3,0,0,0,0,0,1.00,0,0,10.00
Falcons,ATL,13,MLB,551026899,JD Bertrand,1,0,10012,40,4,10.00,3,2,0,0,1,15,0.00,0,0,7.00
Falcons,ATL,13,RE,551028746,Ruke Orhorhoro,1,0,10202,98,1,1.00,0,0,0,0,0,0,0.00,0,0,1.00
Falcons,ATL,13,FS,551029068,Benny Sapp III,2,0,10440,45,2,6.00,1,0,0,0,0,0,0.00,0,0,6.00
Falcons,ATL,13,CB,551028825,Clark Phillips III,2,0,2354,22,5,22.00,16,3,0,0,0,0,0.00,0,0,22.00
Falcons,ATL,13,LOLB,551027424,Arnold Ebiketie,3,0,1558,17,4,13.00,10,1,0,0,0,0,0.00,0,0,13.00
Falcons,ATL,13,SS,551027695,Richie Grant,4,0,1208,27,5,22.00,8,0,0,0,1,22,0.00,0,0,19.00
Falcons,ATL,13,CB,551029341,A.J. Terrell Jr,5,0,610,24,5,24.00,9,3,0,0,1,19,0.00,0,1,15.00
Falcons,ATL,13,MLB,551027462,Kaden Elliss,6,0,119,55,5,54.00,12,3,1,0,4,79,1.00,0,1,31.00
Falcons,ATL,13,FS,551026858,Jessie Bates III,7,0,8815,3,5,35.00,9,3,1,0,2,117,0.00,0,1,20.00
Falcons,ATL,13,SS,551027430,Terrell Edmunds,7,0,8874,38,5,19.00,6,1,0,0,0,0,0.00,0,0,19.00
Falcons,ATL,13,RE,551027841,Trey Hendrickson,8,0,8581,95,5,20.00,0,0,2,4,0,0,3.00,0,0,8.00
Falcons,ATL,13,RE,551028035,Grady Jarrett,10,0,7185,97,2,4.00,0,0,0,0,0,0,1.00,0,0,2.00
Giants,NYG,15,LOLB,551030146,Collin Oliver,0,0,3858,30,2,3.00,2,0,0,0,0,0,0.00,0,0,3.00
Giants,NYG,15,SS,551030432,Donovan McMillon,0,0,3913,21,5,12.00,2,0,0,0,0,0,0.00,0,0,12.00
Giants,NYG,15,ROLB,551030377,Eric Gentry,0,0,3386,44,1,1.00,0,0,0,0,0,0,0.00,0,0,1.00
Giants,NYG,15,ROLB,551030026,Jalon Walker,0,0,4222,11,3,5.00,0,0,0,0,0,0,1.50,0,0,2.00
Giants,NYG,15,CB,551028827,Dru Phillips,1,0,10208,22,5,21.00,4,3,1,0,2,26,0.00,0,0,12.00
Giants,NYG,15,DT,551029819,Elijah Chatman,1,0,0,94,4,5.00,0,0,0,0,0,0,0.00,0,0,5.00
Giants,NYG,15,SS,551028689,Tyler Nubin,1,0,10197,31,5,22.00,4,2,0,0,3,266,0.00,0,0,13.00
Giants,NYG,15,CB,551026827,Deonte Banks,2,0,1120,3,5,15.00,4,0,0,0,1,31,0.00,0,0,12.00
Giants,NYG,15,MLB,551029412,Henry To'oTo'o,2,0,2431,42,2,6.00,2,0,0,0,0,0,0.00,0,0,6.00
Giants,NYG,15,CB,551027813,Tre Hawkins III,2,0,10393,37,3,15.00,0,0,2,0,0,0,0.00,0,0,9.00
Giants,NYG,15,RE,551029599,Benton Whitley,3,0,6055,48,1,1.00,0,0,0,0,0,0,0.00,0,0,1.00
Giants,NYG,15,CB,551027539,Cor'Dale Flott,3,0,1580,28,5,22.00,1,0,0,1,2,34,0.00,0,0,16.00
Giants,NYG,15,FS,551026884,Dane Belton,3,0,1172,24,5,15.00,2,0,0,1,0,0,0.00,0,0,15.00
Giants,NYG,15,RE,551029342,Kayvon Thibodeaux,3,0,1973,5,2,11.00,0,0,1,0,0,0,2.50,0,0,3.00
Giants,NYG,15,LOLB,551028469,Micah McFadden,3,0,1846,41,4,8.00,1,0,0,0,0,0,0.00,0,0,8.00
Giants,NYG,15,FS,551028567,Elijah Molden,4,0,1341,32,3,11.00,0,1,0,0,1,0,0.00,0,0,8.00
Giants,NYG,15,FS,551028850,Jason Pinnock,4,0,1013,25,3,16.00,1,0,0,0,3,17,0.50,0,0,6.00
Giants,NYG,15,DT,551026908,Ross Blacklock,5,0,96,66,1,1.00,0,0,0,0,0,0,0.00,0,0,1.00
Giants,NYG,15,MLB,551028719,Bobby Okereke,6,0,9588,58,3,16.00,2,2,1,2,0,0,1.00,0,0,11.00
Giants,NYG,15,LE,551027065,Brian Burns,6,0,9406,0,4,8.00,0,0,0,0,0,0,0.50,0,0,7.00
Giants,NYG,15,DT,551028282,Dexter Lawrence II,6,0,9548,97,5,22.00,0,0,0,0,0,0,3.00,0,0,16.00
Jaguars,JAX,16,CB,551030054,Jeremiah Cooper,0,0,3386,29,6,26.00,3,3,0,0,3,51,0.00,0,0,17.00
Jaguars,JAX,16,DT,551030056,Mason Graham,0,0,4061,96,3,13.00,0,0,0,1,0,0,3.50,0,0,6.00
Jaguars,JAX,16,LOLB,551030127,Smael Mondon Jr,0,0,4198,8,6,24.00,7,6,0,0,1,14,0.00,0,0,21.00
Jaguars,JAX,16,CB,551028140,Jarrian Jones,1,0,10133,22,2,3.00,0,0,0,0,0,0,0.00,0,0,3.00
Jaguars,JAX,16,DT,551028041,Jordan Jefferson,1,0,10123,98,1,1.00,0,0,0,0,0,0,0.00,0,0,1.00
Jaguars,JAX,16,RE,551027195,Myles Cole,1,0,10039,59,1,1.00,0,0,0,0,0,0,0.00,0,0,1.00
Jaguars,JAX,16,SS,551028068,Antonio Johnson,2,0,2232,26,3,3.00,0,1,0,0,0,0,0.00,0,0,3.00
Jaguars,JAX,16,MLB,551028540,Ventrell Miller,2,0,2311,51,2,2.00,0,0,0,0,0,0,0.00,0,0,2.00
Jaguars,JAX,16,LOLB,551026690,Yasir Abdullah,2,0,8369,56,6,8.00,1,2,0,0,1,15,0.50,0,0,4.00
Jaguars,JAX,16,LOLB,551028622,Chad Muma,3,0,1860,48,5,18.00,5,5,0,0,1,8,0.00,0,0,15.00
Jaguars,JAX,16,MLB,551028335,Devin Lloyd,3,0,1812,33,6,26.00,2,1,1,0,0,0,2.00,0,0,19.00
Jaguars,JAX,16,LE,551029517,Travon Walker,3,0,2008,44,4,11.00,0,0,0,0,0,0,1.50,0,0,8.00
Jaguars,JAX,16,FS,551027164,Andre Cisco,4,0,1147,5,4,11.00,5,1,0,0,0,0,0.00,0,0,11.00
Jaguars,JAX,16,CB,551029261,Benjamin St-Juste,4,0,1144,28,5,15.00,5,0,0,0,3,274,0.00,0,0,6.00
Jaguars,JAX,16,CB,551027107,Tyson Campbell,4,0,1355,3,6,28.00,3,1,0,0,3,36,0.00,0,1,13.00
Jaguars,JAX,16,DT,551027750,DaVon Hamilton,5,0,317,52,3,7.00,0,0,0,0,0,0,1.50,0,0,4.00
Jaguars,JAX,16,FS,551029683,Andrew Wingard,6,0,9686,42,3,3.00,0,0,0,0,0,0,0.00,0,0,3.00
Jaguars,JAX,16,SS,551029074,Darnell Savage,6,0,9621,6,6,46.00,11,4,1,1,2,269,0.00,0,1,31.00
Jets,NYJ,17,MLB,551030123,Jaishawn Barham,0,0,10356,50,1,2.00,0,0,0,0,0,0,0.00,0,0,2.00
Jets,NYJ,17,LE,551028465,Will McDonald IV,2,0,2303,99,3,5.00,0,0,0,0,0,0,0.00,0,0,5.00
Jets,NYJ,17,RE,551028060,Jermaine Johnson II,3,0,1782,11,4,5.00,0,0,0,0,0,0,0.50,0,0,4.00
Jets,NYJ,17,RE,551027177,Micheal Clemons,3,0,1278,72,2,2.00,0,0,0,0,0,0,0.00,0,0,2.00
Jets,NYJ,17,CB,551027613,Sauce Gardner,3,0,1712,1,5,17.00,15,4,0,0,0,0,0.00,0,0,17.00
Jets,NYJ,17,FS,551026702,Tony Adams,3,0,2723,22,5,18.00,7,1,0,0,0,0,0.00,0,0,18.00
Jets,NYJ,17,FS,551029541,Ar'Darius Washington,4,0,1082,35,1,1.00,0,0,0,0,0,0,0.00,0,0,1.00
Jets,NYJ,17,CB,551027119,Michael Carter II,4,0,1348,30,1,1.00,0,0,0,0,0,0,0.00,0,0,1.00
Jets,NYJ,17,DT,551028222,Javon Kinlaw,5,0,415,54,4,11.00,0,0,0,0,0,0,0.00,0,0,11.00
Jets,NYJ,17,LOLB,551027899,Michael Hoecht,5,0,896,97,1,1.00,0,0,0,0,0,0,0.00,0,0,1.00
Jets,NYJ,17,LOLB,551027626,Willie Gay,5,0,295,55,5,14.00,9,2,0,0,0,0,0.00,0,0,14.00
Jets,NYJ,17,ROLB,551029738,Oshane Ximines,6,0,9693,93,1,1.00,0,0,0,0,0,0,0.00,0,0,1.00
Jets,NYJ,17,ROLB,551029645,Quincy Williams,6,0,172,56,5,31.00,15,2,0,0,0,0,0.50,0,0,30.00
Jets,NYJ,17,DT,551029646,Quinnen Williams,6,0,9679,95,4,8.00,0,0,0,0,0,0,1.50,0,0,5.00
Jets,NYJ,17,DT,551027829,Bruce Hector,7,0,9797,98,3,3.00,0,0,0,0,0,0,0.00,0,0,3.00
Jets,NYJ,17,CB,551028933,D.J. Reed Jr,7,0,9034,4,5,20.00,13,3,0,0,0,0,0.00,0,0,20.00
Jets,NYJ,17,SS,551027167,Chuck Clark,8,0,8507,36,3,4.00,6,0,0,0,0,0,0.00,0,0,4.00
Jets,NYJ,17,DT,551028928,Haason Reddick,8,0,8696,7,5,11.00,0,0,0,0,0,0,0.00,0,0,11.00
Jets,NYJ,17,CB,551027389,Rasul Douglas,8,0,8535,34,5,21.00,15,3,1,0,0,0,0.00,0,0,18.00
Jets,NYJ,17,MLB,551028610,C.J. Mosley,11,0,6648,57,5,43.00,25,5,0,0,1,13,0.50,0,0,39.00
Jets,NYJ,17,SS,551028871,Jordan Poyer,12,0,6322,38,5,21.00,11,0,0,0,0,0,0.00,0,0,21.00
Lions,DET,18,MLB,551030113,Barrett Carter,0,0,4207,40,4,7.00,1,1,1,0,0,0,0.00,0,0,4.00
Lions,DET,18,LOLB,551030094,David Bailey,0,0,10356,49,1,1.00,0,0,0,0,0,0,0.00,0,0,1.00
Lions,DET,18,CB,551026787,Terrion Arnold,1,0,10001,0,5,24.00,2,2,0,0,1,19,0.00,0,1,15.00
Lions,DET,18,SS,551026974,Brian Branch,2,0,1719,32,5,28.00,1,3,0,1,3,18,0.00,0,1,13.00
Lions,DET,18,MLB,551027104,Jack Campbell,2,0,1907,46,5,31.00,6,6,0,0,2,19,1.00,0,0,23.00
Lions,DET,18,LE,551029796,Mitchell Agude,2,0,0,93,1,1.00,0,0,0,0,0,0,0.00,0,0,1.00
Lions,DET,18,LE,551027971,Aidan Hutchinson,3,0,1771,97,3,12.00,0,0,0,0,0,0,3.00,0,0,6.00
Lions,DET,18,FS,551028170,Kerby Joseph,3,0,1792,31,5,21.00,4,3,1,1,1,41,0.00,0,0,15.00
Lions,DET,18,LOLB,551029014,Malcolm Rodriguez,3,0,1925,44,5,18.00,1,0,0,0,2,34,1.00,0,0,10.00
Lions,DET,18,DT,551028508,Alim McNeill,4,0,943,54,3,2.00,0,2,0,0,0,0,0.00,0,0,2.00
Lions,DET,18,CB,551028983,Amik Robertson,5,0,551,21,1,1.00,0,0,0,0,0,0,0.00,0,0,1.00
Lions,DET,18,CB,551027297,Carlton Davis III,7,0,8864,23,5,15.00,3,1,1,0,0,0,0.00,0,0,12.00
Lions,DET,18,CB,551028608,Emmanuel Moseley,7,0,9869,4,4,14.00,4,3,0,1,2,23,0.00,0,0,8.00
Lions,DET,18,ROLB,551026773,Alex Anzalone,8,0,8469,34,5,22.00,5,1,0,0,1,0,1.00,0,0,17.00
Lions,DET,18,ROLB,551028941,Jalen Reeves-Maybin,8,0,8698,42,3,3.00,0,0,0,0,0,0,0.00,0,0,3.00
Lions,DET,18,DT,551028925,D.J. Reader,9,0,8187,98,3,6.00,0,0,0,0,0,0,0.00,0,0,6.00
Lions,DET,18,RE,551029207,Za'Darius Smith,10,0,7335,99,4,14.00,0,2,0,0,0,0,3.00,0,0,8.00
Packers,GB,19,MLB,551027227,Edgerrin Cooper,1,0,10041,56,5,19.00,7,1,0,0,0,0,0.00,0,0,19.00
Packers,GB,19,FS,551027054,Javon Bullard,1,0,10024,20,3,4.00,0,2,0,0,0,0,0.00,0,0,4.00
Packers,GB,19,ROLB,551027922,Ty'Ron Hopper,1,0,10110,59,1,0.00,0,0,0,1,0,0,0.00,0,0,0.00
Packers,GB,19,CB,551029470,Carrington Valentine,2,0,2440,24,1,3.00,0,0,0,0,0,0,0.00,0,0,3.00
Packers,GB,19,DT,551027001,Karl Brooks,2,0,2912,94,3,5.00,0,0,0,0,0,0,0.00,0,0,5.00
Packers,GB,19,RE,551029475,Lukas Van Ness,2,0,2442,90,1,1.00,0,0,0,0,0,0,0.00,0,0,1.00
Packers,GB,19,CB,551029346,Starling Thomas V,2,0,10449,27,1,1.00,0,0,0,0,0,0,0.00,0,0,1.00
Packers,GB,19,CB,551026817,Darrell Baker,3,0,2798,39,3,6.00,2,0,0,0,0,0,0.00,0,0,6.00
Packers,GB,19,DT,551029734,Devonte Wyatt,3,0,2059,95,1,1.00,0,0,0,0,0,0,0.00,0,0,1.00
Packers,GB,19,LE,551027467,Kingsley Enagbare,3,0,1567,55,2,4.00,0,0,0,0,0,0,1.00,0,0,2.00
Packers,GB,19,ROLB,551029515,Quay Walker,3,0,2006,7,3,3.00,4,0,0,0,0,0,0.00,0,0,3.00
Packers,GB,19,LOLB,551028716,Azeez Ojulari,4,0,1032,51,1,2.00,0,0,0,0,0,0,0.00,0,0,2.00
Packers,GB,19,CB,551029262,Eric Stokes,4,0,1224,21,2,2.00,0,2,0,0,0,0,0.00,0,0,2.00
Packers,GB,19,SS,551028488,Xavier McKinney,5,0,452,29,5,17.00,7,2,0,0,2,51,0.00,0,0,11.00
Packers,GB,19,RE,551027524,Clelin Ferrell,6,0,9455,99,2,5.00,0,0,0,0,0,0,1.00,0,0,3.00
Packers,GB,19,CB,551028679,Keisean Nixon,6,0,486,25,5,21.00,5,1,0,0,1,14,0.00,0,0,18.00
Packers,GB,19,LE,551027621,Rashan Gary,6,0,9467,52,5,15.00,0,1,0,0,0,0,3.00,0,0,9.00
Packers,GB,19,CB,551026720,Jaire Alexander,7,0,8797,23,5,17.00,8,4,0,0,1,24,0.00,0,0,14.00
Packers,GB,19,SS,551028655,Ryan Neal,7,0,9872,36,2,1.00,1,0,0,0,0,0,0.00,0,0,1.00
Packers,GB,19,LOLB,551029665,Eric Wilson,8,0,9318,45,2,6.00,2,0,0,0,0,0,0.00,0,0,6.00
Packers,GB,19,FS,551029137,Justin Simmons,9,0,8214,22,4,13.00,6,1,0,0,0,0,0.00,0,0,13.00
Packers,GB,19,DT,551027171,Kenny Clark,9,0,7947,97,4,11.00,0,1,0,0,0,0,2.00,0,0,7.00
Packers,GB,19,MLB,551028206,Eric Kendricks,10,0,7200,40,5,16.00,3,1,0,0,0,0,0.00,0,0,16.00
Panthers,CAR,20,LE,551030064,Landon Jackson,0,0,3883,91,1,3.00,0,0,0,0,0,0,0.00,0,0,3.00
Panthers,CAR,20,FS,551030063,Rod Moore,0,0,3869,33,5,14.00,2,1,0,0,1,17,0.00,0,0,11.00
Panthers,CAR,20,CB,551030034,Will Johnson,0,0,3350,22,5,14.00,4,1,0,0,0,0,0.00,0,0,14.00
Panthers,CAR,20,CB,551030090,Zemaiah Vaughn,0,0,3952,5,1,0.00,0,1,0,0,0,0,0.00,0,0,0.00
Panthers,CAR,20,LOLB,551027980,Thomas Incoom,2,0,2227,48,1,1.00,0,0,0,0,0,0,0.00,0,0,1.00
Panthers,CAR,20,CB,551027923,Jaycee Horn,4,0,1352,8,5,12.00,8,2,0,0,0,0,0.00,0,0,12.00
Panthers,CAR,20,RE,551027018,Derrick Brown,5,0,189,95,5,25.00,0,0,0,0,0,0,4.50,0,0,16.00
Panthers,CAR,20,ROLB,551029700,D.J. Wonnum,5,0,684,98,4,18.00,4,1,0,0,0,0,5.00,0,0,8.00
Panthers,CAR,20,FS,551027594,Jordan Fuller,5,0,285,20,5,9.00,3,0,0,0,0,0,0.00,0,0,9.00
Panthers,CAR,20,DT,551029584,Tershawn Wharton,5,0,1088,99,2,3.00,0,0,0,0,0,0,1.00,0,0,1.00
Panthers,CAR,20,CB,551027996,Mike Jackson,6,0,9518,2,3,7.00,2,0,0,0,1,14,0.00,0,0,4.00
Panthers,CAR,20,SS,551029093,Nick Scott,6,0,154,21,3,3.00,2,0,0,0,0,0,0.00,0,0,3.00
Panthers,CAR,20,MLB,551028058,Josey Jewell,7,0,8946,47,4,5.00,5,0,0,0,0,0,0.00,0,0,5.00
Panthers,CAR,20,SS,551029710,Xavier Woods,8,0,8789,25,5,26.00,9,0,1,2,0,0,1.00,0,0,21.00
Panthers,CAR,20,MLB,551029381,Shaq Thompson,10,0,7352,54,5,23.00,4,2,1,0,1,20,0.50,0,0,16.00
Panthers,CAR,20,LOLB,551027182,Jadeveon Clowney,11,0,6380,7,4,21.00,4,1,0,0,0,0,3.00,0,0,15.00
Patriots,NE,21,RE,551030119,Dani Dennis-Sutton,0,0,3657,94,1,1.00,0,0,0,0,0,0,0.00,0,0,1.00
Patriots,NE,21,LOLB,551030035,Jamon Dumas-Johnson,0,0,3758,2,3,8.00,0,0,0,0,0,0,1.50,0,0,5.00
Patriots,NE,21,DT,551030147,**** Stackhouse,0,0,3480,78,1,1.00,0,0,0,0,0,0,0.50,0,0,0.00
Patriots,NE,21,WR,551030031,Travis Hunter,0,0,10355,12,4,15.00,2,0,0,0,0,0,0.00,0,0,15.00
Patriots,NE,21,CB,551028030,D.J. James,1,0,10120,30,2,4.00,3,0,0,0,0,0,0.00,0,0,4.00
Patriots,NE,21,CB,551027354,Marcellas Dial Jr,1,0,10056,27,2,3.00,0,0,0,0,0,0,0.00,0,0,3.00
Patriots,NE,21,CB,551027670,Christian Gonzalez,2,0,2171,0,5,23.00,5,4,0,0,3,338,0.00,0,1,8.00
Patriots,NE,21,RE,551029590,Keion White,2,0,2474,99,4,15.00,0,0,1,0,0,0,2.50,0,0,7.00
Patriots,NE,21,SS,551028398,Marte Mapu,2,0,4670,15,4,4.00,1,0,0,0,0,0,0.50,0,0,3.00
Patriots,NE,21,FS,551028152,Marcus Jones,3,0,1789,25,4,8.00,2,2,0,0,0,0,0.00,0,0,8.00
Patriots,NE,21,LE,551026835,Christian Barmore,4,0,780,90,3,6.00,0,0,0,0,0,0,1.50,0,0,3.00
Patriots,NE,21,MLB,551026837,Derrick Barnes,4,0,1065,55,2,4.00,0,0,0,0,0,0,0.00,0,0,4.00
Patriots,NE,21,MLB,551028961,Monty Rice,4,0,932,45,2,4.00,0,0,0,0,0,0,0.00,0,0,4.00
Patriots,NE,21,LOLB,551028051,Anfernee Jennings,5,0,390,33,3,9.00,1,0,0,0,0,0,1.00,0,0,7.00
Patriots,NE,21,SS,551027405,Kyle Dugger,5,0,263,23,5,30.00,2,2,2,0,0,0,0.00,0,0,24.00
Patriots,NE,21,ROLB,551029309,Jahlani Tavai,6,0,9649,48,5,24.00,6,2,0,0,2,60,0.00,0,1,12.00
Patriots,NE,21,LOLB,551029304,Sione Takitaki,6,0,9647,16,2,5.00,0,1,0,0,0,0,1.00,0,0,3.00
Patriots,NE,21,MLB,551026892,Ja'Whaun Bentley,7,0,9706,8,4,8.00,2,2,1,1,0,0,0.00,0,0,5.00
Patriots,NE,21,DT,551027661,Davon Godchaux,8,0,8566,92,4,12.00,0,0,0,0,0,0,1.00,0,0,10.00
Patriots,NE,21,FS,551028809,Jabrill Peppers,8,0,8684,5,5,25.00,4,2,1,0,0,0,0.00,0,0,22.00
Patriots,NE,21,CB,551028143,Jonathan Jones,9,0,8085,31,3,8.00,4,1,0,0,1,252,0.00,0,0,5.00
Raiders,LV,22,SS,551030055,Jonas Sanker,0,0,10344,32,5,21.00,2,0,0,0,1,12,0.00,0,0,18.00
Raiders,LV,22,LE,551030137,Princely Umanmielen,0,0,10355,91,5,14.00,0,0,2,2,0,0,1.50,0,0,5.00
Raiders,LV,22,ROLB,551029771,Amari Gainer,1,0,0,53,2,9.00,1,0,2,0,0,0,0.00,0,0,3.00
Raiders,LV,22,MLB,551027444,Tommy Eichenberg,1,0,10065,45,2,2.00,0,0,0,0,0,0,0.00,0,0,2.00
Raiders,LV,22,FS,551029326,Trey Taylor,1,0,10447,37,1,2.00,0,0,0,0,0,0,0.00,0,0,2.00
Raiders,LV,22,CB,551028506,Ja'Quan McMillian,2,0,10421,20,2,3.00,0,2,0,0,0,0,0.00,0,0,3.00
Raiders,LV,22,LE,551028630,Myles Murphy,2,0,2333,99,5,15.00,0,0,0,0,0,0,3.00,0,0,9.00
Raiders,LV,22,ROLB,551029676,Tyree Wilson,2,0,2482,9,5,13.00,0,0,0,0,0,0,2.00,0,0,9.00
Raiders,LV,22,CB,551029328,Cam Taylor-Britt,3,0,1964,29,6,44.00,10,0,2,0,4,95,0.00,0,0,26.00
Raiders,LV,22,CB,551027876,Dax Hill,3,0,1766,21,6,27.00,3,1,1,0,2,9,0.00,0,0,18.00
Raiders,LV,22,CB,551028137,Jack Jones,3,0,1788,18,5,18.00,0,0,0,0,1,65,0.00,0,1,9.00
Raiders,LV,22,RE,551028241,Malcolm Koonce,4,0,1038,51,4,9.00,0,0,0,0,0,0,2.50,0,0,4.00
Raiders,LV,22,CB,551027892,Nate Hobbs,4,0,1184,39,2,11.00,5,2,0,0,1,38,0.00,0,0,8.00
Raiders,LV,22,FS,551028564,Tre'von Moehrig,4,0,1212,7,5,21.00,3,4,0,0,1,64,0.00,0,1,12.00
Raiders,LV,22,LE,551029611,Christian Wilkins,6,0,9673,94,2,3.00,0,1,0,0,0,0,0.00,0,0,3.00
Raiders,LV,22,MLB,551026849,Cody Barton,6,0,9381,55,6,42.00,9,6,1,1,2,201,0.00,0,0,33.00
Raiders,LV,22,LOLB,551027072,Devin Bush,6,0,9408,44,5,26.00,3,2,0,0,1,2,1.00,0,0,21.00
Raiders,LV,22,SS,551027470,Marcus Epps,6,0,120,1,1,1.00,0,0,0,0,0,0,0.00,0,0,1.00
Raiders,LV,22,MLB,551029230,Robert Spillane,7,0,9926,41,3,3.00,0,0,0,0,0,0,0.00,0,0,3.00
Rams,LAR,23,CB,551030076,Ricardo Hallman,0,0,3611,2,3,12.00,5,0,0,0,0,0,0.00,0,0,12.00
Rams,LAR,23,LE,551027532,Braden Fiske,1,0,10072,55,5,13.00,0,1,0,0,0,0,2.00,0,0,9.00
Rams,LAR,23,LOLB,551029489,Jared Verse,1,0,10279,8,5,25.00,5,1,0,0,0,0,3.50,0,0,18.00
Rams,LAR,23,SS,551029875,Jaylen McCollough,1,0,0,39,4,8.00,2,1,0,0,0,0,0.00,0,0,8.00
Rams,LAR,23,FS,551028216,Kamren Kinchens,1,0,10141,26,4,11.00,6,1,0,0,0,0,1.00,0,0,9.00
Rams,LAR,23,MLB,551029790,Omar Speights,1,0,0,48,4,10.00,6,1,0,0,0,0,0.00,0,0,10.00
Rams,LAR,23,DT,551027321,Tyler Davis,1,0,10052,90,1,1.00,0,0,0,0,0,0,0.00,0,0,1.00
Rams,LAR,23,ROLB,551029747,Byron Young,2,0,2491,0,4,8.00,4,0,0,0,0,0,0.00,0,0,8.00
Rams,LAR,23,CB,551027546,Emmanuel Forbes Jr,2,0,2143,28,4,9.00,5,4,0,0,0,0,0.00,0,0,9.00
Rams,LAR,23,RE,551029451,Kobie Turner,2,0,5178,91,4,12.00,0,0,0,0,0,0,2.50,0,0,7.00
Rams,LAR,23,ROLB,551027758,Nick Hampton,2,0,2180,31,1,1.00,0,0,0,0,0,0,0.00,0,0,1.00
Rams,LAR,23,CB,551027414,Cobie Durant,3,0,1554,14,2,6.00,3,0,0,0,0,0,0.00,0,0,6.00
Rams,LAR,23,LE,551029055,Cam Sample,4,0,929,95,1,3.00,0,0,0,0,0,0,1.00,0,0,1.00
Rams,LAR,23,RE,551029567,Rashad Weaver,4,0,888,94,1,3.00,0,0,0,0,0,0,1.00,0,0,1.00
Rams,LAR,23,SS,551027271,Kamren Curl,5,0,225,3,5,22.00,7,0,0,0,1,24,0.00,0,0,19.00
Rams,LAR,23,MLB,551026839,Krys Barnes,5,0,1395,58,1,1.00,0,0,0,0,0,0,0.00,0,0,1.00
Rams,LAR,23,DT,551027874,B.J. Hill,7,0,8923,92,4,5.00,0,1,0,0,0,0,0.00,0,0,5.00
Rams,LAR,23,CB,551029620,Darious Williams,7,0,9955,24,5,6.00,4,4,0,0,0,0,0.00,0,0,6.00
Rams,LAR,23,FS,551028061,John Johnson III,8,0,8606,43,5,15.00,5,1,0,0,0,0,0.00,0,0,15.00
Rams,LAR,23,MLB,551029505,Bobby Wagner,13,0,6138,54,5,25.00,11,4,0,0,0,0,0.00,0,0,25.00
Ravens,BAL,24,FS,551030138,Andrew Mukuba,0,0,4198,3,5,32.00,0,4,0,0,5,115,0.00,0,1,11.00
Ravens,BAL,24,CB,551030236,Lu-Magia Hearns III,0,0,10356,29,5,13.00,1,1,0,0,2,42,0.00,0,0,7.00
Ravens,BAL,24,RE,551030044,Shemar Stewart,0,0,3852,97,4,9.00,0,0,0,0,0,0,2.00,0,0,5.00
Ravens,BAL,24,ROLB,551027989,Adisa Isaac,1,0,10114,50,3,3.00,0,0,0,0,0,0,0.00,0,0,3.00
Ravens,BAL,24,CB,551029605,Nate Wiggins,1,0,10293,2,6,20.00,4,1,1,0,1,9,0.00,0,0,14.00
Ravens,BAL,24,SS,551028186,Sanoussi Kane,1,0,10406,28,4,4.00,1,0,0,0,0,0,0.00,0,0,4.00
Ravens,BAL,24,ROLB,551029141,Trenton Simpson,2,0,2393,23,5,22.00,5,2,1,0,1,19,0.50,0,0,15.00
Ravens,BAL,24,MLB,551029174,Brandon Smith,3,0,1944,47,2,2.00,0,0,0,0,0,0,0.00,0,0,2.00
Ravens,BAL,24,LE,551028712,David Ojabo,3,0,1867,90,3,3.00,0,0,0,0,0,0,0.00,0,0,3.00
Ravens,BAL,24,SS,551027752,Kyle Hamilton,3,0,1753,14,6,28.00,6,2,1,0,2,24,0.00,0,0,19.00
Ravens,BAL,24,DT,551028157,Travis Jones,3,0,1790,98,5,10.00,0,0,0,0,0,0,2.00,0,0,6.00
Ravens,BAL,24,CB,551029244,Brandon Stephens,4,0,1157,21,6,21.00,9,4,0,0,1,19,0.00,0,0,18.00
Ravens,BAL,24,FS,551028618,Israel Mukuamu,4,0,1166,24,4,21.00,0,0,0,0,2,47,0.00,0,1,9.00
Ravens,BAL,24,LE,551028758,Odafe Oweh,4,0,1602,99,6,23.00,2,0,1,0,0,0,5.00,0,0,10.00
Ravens,BAL,24,DT,551028382,Nnamdi Madubuike,5,0,441,92,6,32.00,0,0,0,0,0,0,9.50,0,0,13.00
Ravens,BAL,24,MLB,551029194,Roquan Smith,7,0,9061,0,6,40.00,7,2,0,0,4,92,0.50,0,1,21.00
Ravens,BAL,24,FS,551029641,Marcus Williams,8,0,8779,32,2,2.00,2,2,0,0,0,0,0.00,0,0,2.00
Ravens,BAL,24,CB,551027959,Marlon Humphrey,8,0,8595,44,6,22.00,9,4,0,1,2,72,0.00,0,0,16.00
Ravens,BAL,24,DT,551028841,Michael Pierce,9,0,8397,58,1,3.00,0,0,0,0,0,0,0.00,0,0,3.00
Ravens,BAL,24,LOLB,551029476,Kyle Van Noy,11,0,6652,53,6,9.00,2,1,0,1,0,0,0.50,0,0,8.00
Saints,NO,26,ROLB,551030118,Abdul Carter,0,0,3657,11,4,13.00,2,1,0,0,0,0,2.50,0,0,8.00
Saints,NO,26,CB,551030074,Denzel Burke,0,0,10355,8,5,23.00,5,3,0,0,1,33,0.00,0,1,14.00
Saints,NO,26,ROLB,551030372,Eugene Asante,0,0,10354,9,2,6.00,0,1,0,0,0,0,1.00,0,0,4.00
Saints,NO,26,LOLB,551030225,Xander Mueller,0,0,4188,34,1,1.00,0,0,0,0,0,0,0.00,0,0,1.00
Saints,NO,26,MLB,551027550,Jaylan Ford,1,0,10075,53,2,2.00,0,0,0,0,0,0,0.00,0,0,2.00
Saints,NO,26,DT,551026959,Khristian Boyd,1,0,10365,97,2,3.00,0,0,0,0,0,0,0.00,0,0,3.00
Saints,NO,26,CB,551028490,Kool-Aid McKinstry,1,0,10173,14,4,17.00,10,2,0,0,0,0,0.00,0,0,17.00
Saints,NO,26,LOLB,551028747,Anfernee Orji,2,0,2343,58,2,6.00,6,1,0,0,0,0,0.00,0,0,6.00
Saints,NO,26,DT,551026983,Bryan Bresee,2,0,1781,90,3,9.00,0,0,0,0,0,0,2.00,0,0,5.00
Saints,NO,26,RE,551027565,Isaiah Foskey,2,0,2145,55,1,6.00,0,0,0,0,0,0,1.00,0,0,4.00
Saints,NO,26,SS,551027937,Jordan Howden,2,0,2213,31,3,7.00,6,1,0,0,0,0,0.00,0,0,7.00
Saints,NO,26,CB,551029314,Alontae Taylor,3,0,1969,1,2,7.00,2,1,0,0,0,0,0.00,0,0,7.00
Saints,NO,26,LE,551026760,Ryder Anderson,3,0,2747,57,2,2.00,0,0,0,0,0,0,0.00,0,0,2.00
Saints,NO,26,SS,551028518,Ifeatu Melifonwu,4,0,1299,6,2,6.00,2,0,0,0,0,0,0.00,0,0,6.00
Saints,NO,26,CB,551026706,Paulson Adebo,4,0,1098,29,5,18.00,11,2,0,0,0,0,0.00,0,0,18.00
Saints,NO,26,ROLB,551029579,Pete Werner,4,0,1069,20,5,23.00,11,2,0,0,0,0,0.00,0,0,23.00
Saints,NO,26,RE,551029749,Chase Young,5,0,687,99,5,13.00,0,0,0,0,0,0,2.50,0,0,8.00
Saints,NO,26,MLB,551029034,Christian Rozeboom,5,0,1040,56,3,15.00,7,3,0,0,0,0,0.00,0,0,15.00
Saints,NO,26,LOLB,551028831,Jacob Phillips,5,0,524,59,1,2.00,1,0,0,0,0,0,0.00,0,0,2.00
Saints,NO,26,LE,551027692,Carl Granderson,6,0,9475,96,4,8.00,0,0,0,0,0,0,1.00,0,0,6.00
Saints,NO,26,DT,551027508,Folorunso Fatukasi,7,0,8884,91,1,1.00,0,0,0,0,0,0,0.00,0,0,1.00
Saints,NO,26,FS,551027700,J.T. Gray,7,0,9786,48,1,1.00,0,0,0,0,0,0,0.00,0,0,1.00
Saints,NO,26,CB,551027855,Tre Herndon,7,0,9337,28,2,4.00,1,0,0,0,1,18,0.00,0,0,1.00
Saints,NO,26,MLB,551029510,Anthony Walker Jr,8,0,8764,40,1,5.00,2,1,0,0,0,0,0.00,0,0,5.00
Saints,NO,26,FS,551028416,Tyrann Mathieu,12,0,5964,32,5,23.00,3,4,1,0,2,391,0.00,0,0,14.00
Seahawks,SEA,27,ROLB,551030036,Antwaun Powell-Ryland,0,0,4187,52,2,2.00,0,0,0,0,0,0,0.00,0,0,2.00
Seahawks,SEA,27,RE,551030108,Nic Scourton,0,0,10353,96,3,3.00,0,0,0,0,0,0,0.00,0,0,3.00
Seahawks,SEA,27,LE,551030032,**** Tuimoloau,0,0,3946,95,2,4.00,0,0,0,0,0,0,1.00,0,0,2.00
Seahawks,SEA,27,DT,551028627,Byron Murphy II,1,0,10189,91,2,5.00,0,0,0,0,0,0,1.00,0,0,3.00
Seahawks,SEA,27,CB,551028885,Nehemiah Pritchett,1,0,10215,28,1,1.00,1,0,0,0,0,0,0.00,0,0,1.00
Seahawks,SEA,27,LOLB,551028235,Tyrice Knight,1,0,10145,48,5,11.00,4,2,0,0,0,0,1.00,0,0,9.00
Seahawks,SEA,27,LE,551027740,Derick Hall,2,0,2179,58,5,11.00,0,0,0,0,0,0,2.50,0,0,6.00
Seahawks,SEA,27,CB,551029694,Devon Witherspoon,2,0,2485,21,4,20.00,9,3,1,0,1,19,0.50,0,0,13.00
Seahawks,SEA,27,FS,551028932,Jerrick Reed II,2,0,4907,32,1,1.00,0,0,0,0,0,0,0.00,0,0,1.00
Seahawks,SEA,27,RE,551028383,Boye Mafe,3,0,1821,53,4,17.00,1,0,0,0,0,0,4.00,0,0,9.00
Seahawks,SEA,27,SS,551027047,Coby Bryant,3,0,1219,8,4,9.00,4,0,0,0,1,13,0.00,0,0,6.00
Seahawks,SEA,27,CB,551029619,Damarion Williams,3,0,2031,37,1,1.00,0,0,0,0,0,0,0.00,0,0,1.00
Seahawks,SEA,27,CB,551029712,Tariq Woolen,3,0,2054,27,5,19.00,10,3,0,0,1,23,0.00,0,0,16.00
Seahawks,SEA,27,MLB,551028136,Ernest Jones IV,4,0,1595,13,5,22.00,11,3,0,0,0,0,0.00,0,0,22.00
Seahawks,SEA,27,CB,551027036,Tre Brown,4,0,2973,22,5,19.00,9,1,0,0,1,2,0.00,0,0,16.00
Seahawks,SEA,27,ROLB,551028134,Dre'Mont Jones,6,0,9538,55,1,1.00,0,0,0,0,0,0,0.00,0,0,1.00
Seahawks,SEA,27,FS,551028354,Julian Love,6,0,9558,20,4,12.00,5,2,0,0,1,23,0.00,0,0,9.00
Seahawks,SEA,27,MLB,551029591,Kyzir White,7,0,9112,57,4,23.00,14,1,0,0,1,14,0.00,0,0,20.00
Seahawks,SEA,27,LOLB,551028692,Uchenna Nwosu,7,0,9008,10,5,9.00,3,3,0,0,0,0,0.00,0,0,9.00
Seahawks,SEA,27,SS,551028049,Rayshawn Jenkins,8,0,8601,2,5,11.00,4,2,0,0,0,0,0.00,0,0,11.00
Seahawks,SEA,27,DT,551029640,Leonard Williams,10,0,7381,99,4,9.00,0,1,0,0,0,0,2.00,0,0,5.00
Steelers,PIT,28,FS,551030215,Craig Woodson,0,0,3763,20,1,1.00,0,0,0,0,0,0,0.00,0,0,1.00
Steelers,PIT,28,SS,551030159,Hunter Wohler,0,0,3380,30,3,7.00,0,0,0,0,0,0,0.00,0,0,7.00
Steelers,PIT,28,DT,551030095,Tyleik Williams,0,0,10354,91,3,22.00,0,0,1,0,0,0,4.50,0,0,10.00
Steelers,PIT,28,CB,551029810,Beanie Bishop Jr,1,0,0,31,5,18.00,5,2,1,0,1,14,0.00,0,0,12.00
Steelers,PIT,28,MLB,551029672,Payton Wilson,1,0,10302,41,2,2.00,0,0,0,0,0,0,0.00,0,0,2.00
Steelers,PIT,28,CB,551027709,Renardo Green,1,0,10090,0,5,23.00,5,2,0,0,4,73,0.00,0,0,11.00
Steelers,PIT,28,CB,551028865,Joey Porter,2,0,2358,24,5,20.00,2,4,0,0,3,36,0.00,0,0,11.00
Steelers,PIT,28,DT,551026893,Keeanu Benton,2,0,8199,95,3,7.00,0,0,0,0,0,0,1.00,0,0,5.00
Steelers,PIT,28,ROLB,551027852,Nick Herbig,2,0,2204,51,1,2.00,0,0,0,0,0,0,0.00,0,0,2.00
Steelers,PIT,28,LOLB,551028110,Patrick Jones II,4,0,884,52,2,2.00,1,0,0,0,0,0,0.00,0,0,2.00
Steelers,PIT,28,ROLB,551027872,Alex Highsmith,5,0,352,56,4,14.00,0,0,0,0,1,3,3.50,0,0,4.00
Steelers,PIT,28,MLB,551028901,Patrick Queen,5,0,538,6,5,22.00,5,0,0,0,2,28,0.00,0,0,16.00
Steelers,PIT,28,MLB,551027902,Cole Holcomb,6,0,1452,55,3,6.00,2,0,0,0,0,0,0.00,0,0,6.00
Steelers,PIT,28,SS,551027454,DeShon Elliott,7,0,8877,25,4,26.00,0,3,1,0,5,29,0.00,0,0,8.00
Steelers,PIT,28,CB,551028004,Donte Jackson,7,0,8936,26,3,11.00,0,1,0,0,2,270,0.00,0,0,5.00
Steelers,PIT,28,FS,551027535,Minkah Fitzpatrick,7,0,8887,39,4,24.00,0,2,0,0,4,124,0.00,0,1,6.00
Steelers,PIT,28,LE,551028711,Larry Ogunjobi,8,0,8680,99,1,4.00,0,0,0,0,0,0,1.00,0,0,2.00
Steelers,PIT,28,ROLB,551028173,Matthew Judon,9,0,8088,15,3,12.00,0,0,0,1,0,0,3.50,0,0,5.00
Steelers,PIT,28,RE,551027862,Cameron Heyward,14,0,4384,97,3,11.00,1,0,0,0,0,0,3.00,0,0,5.00
Texans,HOU,31,SS,551030066,Billy Bowman Jr,0,0,3765,2,6,21.00,0,0,1,0,2,5,1.00,0,0,10.00
Texans,HOU,31,CB,551030148,Keionte Scott,0,0,3581,9,5,10.00,0,2,0,0,1,5,0.00,0,0,7.00
Texans,HOU,31,CB,551030045,Malaki Starks,0,0,3347,8,6,40.00,0,2,0,0,5,192,0.00,0,2,13.00
Texans,HOU,31,CB,551030228,Trey Amos,0,0,4093,38,2,3.00,0,0,0,0,0,0,0.00,0,0,3.00
Texans,HOU,31,SS,551027056,Calen Bullock,1,0,10025,21,6,46.00,0,3,0,1,7,200,2.50,0,1,14.00
Texans,HOU,31,MLB,551027877,Jamal Hill,1,0,10396,56,4,7.00,0,0,0,1,0,0,0.50,0,0,6.00
Texans,HOU,31,MLB,551029629,James Williams,1,0,10299,47,1,1.00,0,0,0,0,0,0,0.00,0,0,1.00
Texans,HOU,31,FS,551028274,Kamari Lassiter,1,0,10147,4,4,4.00,0,0,0,0,0,0,0.00,0,0,4.00
Texans,HOU,31,LE,551026754,Will Anderson Jr,2,0,856,6,6,43.00,0,0,1,1,0,0,12.00,0,0,16.00
Texans,HOU,31,ROLB,551027778,Christian Harris,3,0,1756,90,3,28.00,0,0,3,1,0,0,4.00,0,1,5.00
Texans,HOU,31,CB,551029259,Derek Stingley Jr,3,0,1956,24,6,19.00,0,3,1,0,3,509,0.00,0,0,7.00
Texans,HOU,31,FS,551028853,Jalen Pitre,3,0,1893,5,4,18.00,0,0,1,1,1,12,0.00,0,0,12.00
Texans,HOU,31,LOLB,551026753,Troy Andersen,3,0,1133,42,2,6.00,0,0,0,0,0,0,1.00,0,0,4.00
Texans,HOU,31,CB,551028724,Jeff Okudah,5,0,489,18,2,3.00,0,0,0,0,0,0,0.00,0,0,3.00
Texans,HOU,31,LOLB,551026743,Azeez Al-Shaair,6,0,9361,59,1,1.00,0,0,0,0,0,0,0.00,0,0,1.00
Texans,HOU,31,ROLB,551029589,Devin White,6,0,9672,45,2,2.00,0,0,0,0,0,0,0.00,0,0,2.00
Texans,HOU,31,DT,551027292,Marcus Davenport,7,0,8862,99,3,3.00,0,1,0,0,0,0,0.50,0,0,2.00
Texans,HOU,31,DT,551029102,Tim Settle Jr,7,0,9055,98,3,3.00,0,0,0,0,0,0,0.00,0,0,3.00
Texans,HOU,31,ROLB,551027413,Bud Dupree,10,0,7095,58,1,2.00,0,0,0,0,0,0,0.00,0,0,2.00
Texans,HOU,31,RE,551027965,Danielle Hunter,10,0,7179,55,6,40.00,0,1,1,0,0,0,11.50,1,0,12.00
Texans,HOU,31,SS,551027287,Ronald Darby,10,0,7068,25,1,2.00,0,0,0,0,0,0,0.00,0,0,2.00
Titans,TEN,29,RE,551030284,Hayden Harris,0,0,10325,96,1,2.00,0,0,0,0,0,0,0.00,0,0,2.00
Titans,TEN,29,LOLB,551030188,Jalen McLeod,0,0,3347,35,1,2.00,0,0,0,0,0,0,0.00,0,0,2.00
Titans,TEN,29,FS,551030134,Jaylen Reed,0,0,3952,1,1,1.00,0,0,0,0,0,0,0.00,0,0,1.00
Titans,TEN,29,MLB,551030107,Jeffrey Bassa,0,0,4069,59,5,13.00,3,1,0,0,0,0,0.00,0,0,13.00
Titans,TEN,29,SS,551030070,Kevin Winston Jr,0,0,3660,25,6,26.00,4,4,1,0,1,5,0.00,0,0,20.00
Titans,TEN,29,CB,551030259,Treydan Stukes,0,0,3367,39,1,1.00,0,0,0,0,0,0,0.00,0,0,1.00
Titans,TEN,29,CB,551027040,Jarvis Brownlee Jr,1,0,10023,29,3,4.00,1,0,0,0,0,0,0.00,0,0,4.00
Titans,TEN,29,ROLB,551027776,Jaylen Harrell,1,0,10100,92,2,2.00,0,0,0,0,0,0,0.00,0,0,2.00
Titans,TEN,29,DT,551029297,T'Vondre Sweat,1,0,10258,93,2,2.00,0,0,0,0,0,0,0.00,0,0,2.00
Titans,TEN,29,CB,551028461,Roger McCreary,3,0,1843,21,5,22.00,3,0,0,0,2,30,0.00,0,0,16.00
Titans,TEN,29,FS,551027558,Darrick Forrest,4,0,1105,22,6,19.00,0,5,0,1,0,0,0.00,0,0,19.00
Titans,TEN,29,MLB,551028632,Kenneth Murray Jr,5,0,477,56,3,10.00,4,0,0,0,0,0,0.00,0,0,10.00
Titans,TEN,29,CB,551029216,L'Jarius Sneed,5,0,579,38,5,33.00,3,3,1,0,2,125,0.00,0,2,12.00
Titans,TEN,29,LE,551027606,Neville Gallimore,5,0,288,90,3,4.00,0,1,0,0,0,0,0.50,0,0,3.00
Titans,TEN,29,DT,551028284,Rashard Lawrence,5,0,420,91,2,5.00,0,0,0,0,0,0,1.00,0,0,3.00
Titans,TEN,29,SS,551027914,Amani Hooker,6,0,9508,37,1,1.00,0,0,0,0,0,0,0.00,0,0,1.00
Titans,TEN,29,RE,551029136,Jeffery Simmons,6,0,156,98,6,14.00,0,0,0,0,0,0,3.00,0,0,8.00
Titans,TEN,29,ROLB,551028208,Arden Key,7,0,8961,49,3,6.00,0,0,0,0,0,0,0.00,0,0,6.00
Titans,TEN,29,LOLB,551028269,Harold Landry III,7,0,8966,58,5,25.00,2,2,2,1,0,0,3.00,0,0,13.00
Titans,TEN,29,MLB,551026820,Jerome Baker,7,0,8811,17,6,43.00,3,0,1,1,1,11,2.00,0,1,27.00
Titans,TEN,29,CB,551026805,Chidobe Awuzie,8,0,8471,13,6,22.00,3,2,0,1,1,35,0.00,0,1,13.00
Titans,TEN,29,DT,551028131,DaQuan Jones,11,0,6474,94,4,11.00,0,0,0,0,0,0,2.50,0,0,6.00
Vikings,MIN,30,ROLB,551029449,Dallas Turner,1,0,10273,15,3,8.00,0,0,1,1,0,0,0.00,0,0,5.00
Vikings,MIN,30,ROLB,551029783,Gabriel Murphy,1,0,10188,59,1,1.00,0,0,0,0,0,0,0.00,0,0,1.00
Vikings,MIN,30,DT,551026988,Jowon Briggs,1,0,10368,98,5,7.00,0,0,0,0,0,0,0.00,0,0,7.00
Vikings,MIN,30,MLB,551028764,Ivan Pace Jr,2,0,2346,0,6,29.00,5,1,0,0,2,15,0.00,1,0,21.00
Vikings,MIN,30,FS,551029531,Jay Ward,2,0,2451,20,4,5.00,0,0,0,0,0,0,0.00,0,0,5.00
Vikings,MIN,30,CB,551026910,Mekhi Blackmon,2,0,1551,5,6,20.00,3,3,1,0,2,1,1.50,0,0,8.00
Vikings,MIN,30,FS,551027081,Camryn Bynum,4,0,1158,24,6,25.00,0,0,0,0,4,438,0.00,0,0,13.00
Vikings,MIN,30,CB,551028169,Kelvin Joseph,4,0,1281,21,3,3.00,2,0,0,0,0,0,0.00,0,0,3.00
Vikings,MIN,30,ROLB,551027710,Jonathan Greenard,5,0,305,58,6,34.00,3,2,2,0,0,0,6.50,0,0,15.00
Vikings,MIN,30,SS,551028528,Josh Metellus,5,0,458,44,6,21.00,4,1,0,0,1,6,0.00,0,0,18.00
Vikings,MIN,30,LOLB,551029473,Andrew Van Ginkel,6,0,9661,43,5,36.00,0,1,2,0,2,13,5.00,0,0,14.00
Vikings,MIN,30,MLB,551027131,Blake Cashman,6,0,9415,51,6,39.00,3,2,0,0,5,100,0.00,0,1,18.00
Vikings,MIN,30,CB,551028628,Byron Murphy Jr,6,0,9582,7,5,17.00,7,3,0,0,2,36,0.00,0,0,11.00
Vikings,MIN,30,DT,551028830,Harrison Phillips,7,0,9022,97,4,13.00,0,0,0,2,0,0,1.00,0,1,5.00
Vikings,MIN,30,LE,551029532,Jihad Ward,9,0,8251,52,2,4.00,0,0,0,0,0,0,0.00,0,0,4.00
Vikings,MIN,30,FS,551027360,Quandre Diggs,10,0,7084,27,1,1.00,0,0,0,0,0,0,0.00,0,0,1.00
Vikings,MIN,30,CB,551027649,Stephon Gilmore,13,0,5184,2,5,19.00,3,0,0,0,2,24,1.00,0,0,11.00
